[{"model": "admin.logentry", "pk": 1, "fields": {"action_time": "2024-11-29T06:48:54.747Z", "user": 2, "content_type": 9, "object_id": "1", "object_repr": "leche en six pack", "action_flag": 1, "change_message": "[{\"added\": {}}]"}}, {"model": "admin.logentry", "pk": 2, "fields": {"action_time": "2024-11-29T07:11:14.682Z", "user": 2, "content_type": 9, "object_id": "2", "object_repr": "Chocolate dulce", "action_flag": 1, "change_message": "[{\"added\": {}}]"}}, {"model": "admin.logentry", "pk": 3, "fields": {"action_time": "2024-11-29T07:32:11.943Z", "user": 2, "content_type": 9, "object_id": "3", "object_repr": "Galleta", "action_flag": 1, "change_message": "[{\"added\": {}}]"}}, {"model": "admin.logentry", "pk": 4, "fields": {"action_time": "2024-11-29T07:36:36.668Z", "user": 2, "content_type": 9, "object_id": "2", "object_repr": "Chocolate dulce", "action_flag": 2, "change_message": "[{\"changed\": {\"fields\": [\"Categor\\u00eda del Producto\"]}}]"}}, {"model": "admin.logentry", "pk": 5, "fields": {"action_time": "2024-11-29T07:36:44.504Z", "user": 2, "content_type": 9, "object_id": "1", "object_repr": "leche en six pack", "action_flag": 2, "change_message": "[{\"changed\": {\"fields\": [\"Categor\\u00eda del Producto\"]}}]"}}, {"model": "admin.logentry", "pk": 6, "fields": {"action_time": "2024-11-29T07:36:54.438Z", "user": 2, "content_type": 9, "object_id": "3", "object_repr": "Galleta", "action_flag": 2, "change_message": "[{\"changed\": {\"fields\": [\"Categor\\u00eda del Producto\"]}}]"}}, {"model": "admin.logentry", "pk": 7, "fields": {"action_time": "2024-11-29T07:47:11.950Z", "user": 2, "content_type": 9, "object_id": "2", "object_repr": "Chocolate dulce", "action_flag": 2, "change_message": "[{\"changed\": {\"fields\": [\"Me gustas del Producto\"]}}]"}}, {"model": "admin.logentry", "pk": 8, "fields": {"action_time": "2024-11-29T07:47:36.366Z", "user": 2, "content_type": 9, "object_id": "3", "object_repr": "Galleta", "action_flag": 2, "change_message": "[{\"changed\": {\"fields\": [\"Me gustas del Producto\"]}}]"}}, {"model": "admin.logentry", "pk": 9, "fields": {"action_time": "2024-11-29T08:04:02.358Z", "user": 2, "content_type": 9, "object_id": "1", "object_repr": "leche en six pack", "action_flag": 2, "change_message": "[{\"changed\": {\"fields\": [\"Cantidad Vendida del Producto\"]}}]"}}, {"model": "admin.logentry", "pk": 10, "fields": {"action_time": "2024-11-29T08:04:20.632Z", "user": 2, "content_type": 9, "object_id": "3", "object_repr": "Galleta", "action_flag": 2, "change_message": "[{\"changed\": {\"fields\": [\"Cantidad Vendida del Producto\"]}}]"}}, {"model": "admin.logentry", "pk": 11, "fields": {"action_time": "2024-11-29T08:05:17.880Z", "user": 2, "content_type": 9, "object_id": "2", "object_repr": "Chocolate dulce", "action_flag": 2, "change_message": "[{\"changed\": {\"fields\": [\"Cantidad Vendida del Producto\"]}}]"}}, {"model": "admin.logentry", "pk": 12, "fields": {"action_time": "2024-11-29T08:07:38.134Z", "user": 2, "content_type": 9, "object_id": "1", "object_repr": "leche en six pack", "action_flag": 2, "change_message": "[{\"changed\": {\"fields\": [\"Cantidad Vendida del Producto\"]}}]"}}, {"model": "admin.logentry", "pk": 13, "fields": {"action_time": "2024-11-29T20:51:28.080Z", "user": 2, "content_type": 9, "object_id": "4", "object_repr": "Cafe", "action_flag": 1, "change_message": "[{\"added\": {}}]"}}, {"model": "admin.logentry", "pk": 14, "fields": {"action_time": "2024-11-29T22:15:58.115Z", "user": 2, "content_type": 9, "object_id": "5", "object_repr": "IbaFex", "action_flag": 1, "change_message": "[{\"added\": {}}]"}}, {"model": "admin.logentry", "pk": 15, "fields": {"action_time": "2024-11-29T23:01:21.902Z", "user": 2, "content_type": 9, "object_id": "6", "object_repr": "Aceite de Cßrtamo", "action_flag": 1, "change_message": "[{\"added\": {}}]"}}, {"model": "admin.logentry", "pk": 16, "fields": {"action_time": "2024-11-29T23:03:07.804Z", "user": 2, "content_type": 9, "object_id": "7", "object_repr": "Aceite de Oliva", "action_flag": 1, "change_message": "[{\"added\": {}}]"}}, {"model": "admin.logentry", "pk": 17, "fields": {"action_time": "2024-11-29T23:03:33.390Z", "user": 2, "content_type": 9, "object_id": "5", "object_repr": "IbaFex", "action_flag": 3, "change_message": ""}}, {"model": "admin.logentry", "pk": 18, "fields": {"action_time": "2024-11-29T23:03:33.390Z", "user": 2, "content_type": 9, "object_id": "4", "object_repr": "Cafe", "action_flag": 3, "change_message": ""}}, {"model": "admin.logentry", "pk": 19, "fields": {"action_time": "2024-11-29T23:03:33.390Z", "user": 2, "content_type": 9, "object_id": "3", "object_repr": "Galleta", "action_flag": 3, "change_message": ""}}, {"model": "admin.logentry", "pk": 20, "fields": {"action_time": "2024-11-29T23:03:33.390Z", "user": 2, "content_type": 9, "object_id": "2", "object_repr": "Chocolate dulce", "action_flag": 3, "change_message": ""}}, {"model": "admin.logentry", "pk": 21, "fields": {"action_time": "2024-11-29T23:03:33.390Z", "user": 2, "content_type": 9, "object_id": "1", "object_repr": "leche en six pack", "action_flag": 3, "change_message": ""}}, {"model": "admin.logentry", "pk": 22, "fields": {"action_time": "2024-11-29T23:05:03.602Z", "user": 2, "content_type": 9, "object_id": "8", "object_repr": "Aceite Nutrioli", "action_flag": 1, "change_message": "[{\"added\": {}}]"}}, {"model": "admin.logentry", "pk": 23, "fields": {"action_time": "2024-11-29T23:06:22.050Z", "user": 2, "content_type": 9, "object_id": "9", "object_repr": "Aceite Vegetal", "action_flag": 1, "change_message": "[{\"added\": {}}]"}}, {"model": "admin.logentry", "pk": 24, "fields": {"action_time": "2024-11-29T23:07:36.460Z", "user": 2, "content_type": 9, "object_id": "10", "object_repr": "Aceite Kartamus", "action_flag": 1, "change_message": "[{\"added\": {}}]"}}, {"model": "admin.logentry", "pk": 25, "fields": {"action_time": "2024-11-29T23:09:23.041Z", "user": 2, "content_type": 9, "object_id": "11", "object_repr": "chocolate Kirkland", "action_flag": 1, "change_message": "[{\"added\": {}}]"}}, {"model": "admin.logentry", "pk": 26, "fields": {"action_time": "2024-11-29T23:10:50.170Z", "user": 2, "content_type": 9, "object_id": "12", "object_repr": "Chocolate Barra Hersheys", "action_flag": 1, "change_message": "[{\"added\": {}}]"}}, {"model": "admin.logentry", "pk": 27, "fields": {"action_time": "2024-11-29T23:12:09.541Z", "user": 2, "content_type": 9, "object_id": "13", "object_repr": "Chocolate Bon o Bon", "action_flag": 1, "change_message": "[{\"added\": {}}]"}}, {"model": "admin.logentry", "pk": 28, "fields": {"action_time": "2024-11-29T23:13:27.788Z", "user": 2, "content_type": 9, "object_id": "14", "object_repr": "Chocolate Hersheys", "action_flag": 1, "change_message": "[{\"added\": {}}]"}}, {"model": "admin.logentry", "pk": 29, "fields": {"action_time": "2024-11-29T23:14:56.977Z", "user": 2, "content_type": 9, "object_id": "15", "object_repr": "Ferrero Rocher", "action_flag": 1, "change_message": "[{\"added\": {}}]"}}, {"model": "admin.logentry", "pk": 30, "fields": {"action_time": "2024-11-29T23:16:11.492Z", "user": 2, "content_type": 9, "object_id": "16", "object_repr": "Frijol Peruano", "action_flag": 1, "change_message": "[{\"added\": {}}]"}}, {"model": "admin.logentry", "pk": 31, "fields": {"action_time": "2024-11-29T23:17:07.206Z", "user": 2, "content_type": 9, "object_id": "17", "object_repr": "Frijol San Lßzaro", "action_flag": 1, "change_message": "[{\"added\": {}}]"}}, {"model": "admin.logentry", "pk": 32, "fields": {"action_time": "2024-11-29T23:18:13.539Z", "user": 2, "content_type": 9, "object_id": "18", "object_repr": "Frijol Schettino", "action_flag": 1, "change_message": "[{\"added\": {}}]"}}, {"model": "admin.logentry", "pk": 33, "fields": {"action_time": "2024-11-29T23:19:09.624Z", "user": 2, "content_type": 9, "object_id": "19", "object_repr": "Frijol Verde", "action_flag": 1, "change_message": "[{\"added\": {}}]"}}, {"model": "admin.logentry", "pk": 34, "fields": {"action_time": "2024-11-29T23:23:09.261Z", "user": 2, "content_type": 9, "object_id": "20", "object_repr": "Pasta Dental Colgate", "action_flag": 1, "change_message": "[{\"added\": {}}]"}}, {"model": "admin.logentry", "pk": 35, "fields": {"action_time": "2024-11-29T23:24:30.032Z", "user": 2, "content_type": 9, "object_id": "21", "object_repr": "Colgate MFP 22M - SCG", "action_flag": 1, "change_message": "[{\"added\": {}}]"}}, {"model": "admin.logentry", "pk": 36, "fields": {"action_time": "2024-11-29T23:26:19.201Z", "user": 2, "content_type": 9, "object_id": "22", "object_repr": "Pasta Dental Crest", "action_flag": 1, "change_message": "[{\"added\": {}}]"}}, {"model": "admin.logentry", "pk": 37, "fields": {"action_time": "2024-11-29T23:27:15.084Z", "user": 2, "content_type": 9, "object_id": "23", "object_repr": "Pasta Dental Colgate", "action_flag": 1, "change_message": "[{\"added\": {}}]"}}, {"model": "admin.logentry", "pk": 38, "fields": {"action_time": "2024-11-29T23:28:27.725Z", "user": 2, "content_type": 9, "object_id": "24", "object_repr": "Colgate Triple Acci¾n", "action_flag": 1, "change_message": "[{\"added\": {}}]"}}, {"model": "admin.logentry", "pk": 39, "fields": {"action_time": "2024-11-29T23:32:39.693Z", "user": 2, "content_type": 9, "object_id": "25", "object_repr": "Leche Alpura", "action_flag": 1, "change_message": "[{\"added\": {}}]"}}, {"model": "admin.logentry", "pk": 40, "fields": {"action_time": "2024-11-29T23:33:51.541Z", "user": 2, "content_type": 9, "object_id": "26", "object_repr": "Caja Leche", "action_flag": 1, "change_message": "[{\"added\": {}}]"}}, {"model": "admin.logentry", "pk": 41, "fields": {"action_time": "2024-11-29T23:35:00.467Z", "user": 2, "content_type": 9, "object_id": "27", "object_repr": "Leche Santa Clara", "action_flag": 1, "change_message": "[{\"added\": {}}]"}}, {"model": "admin.logentry", "pk": 42, "fields": {"action_time": "2024-11-29T23:35:49.533Z", "user": 2, "content_type": 9, "object_id": "28", "object_repr": "Leche Lala Deslactosada", "action_flag": 1, "change_message": "[{\"added\": {}}]"}}, {"model": "admin.logentry", "pk": 43, "fields": {"action_time": "2024-11-29T23:36:41.073Z", "user": 2, "content_type": 9, "object_id": "29", "object_repr": "Caja Leche Nutri", "action_flag": 1, "change_message": "[{\"added\": {}}]"}}, {"model": "admin.logentry", "pk": 44, "fields": {"action_time": "2024-11-30T00:05:04.708Z", "user": 2, "content_type": 10, "object_id": "1", "object_repr": "Corporaci¾n Ibafex H.A.S.A.C", "action_flag": 1, "change_message": "[{\"added\": {}}]"}}, {"model": "admin.logentry", "pk": 45, "fields": {"action_time": "2024-11-30T00:06:09.404Z", "user": 2, "content_type": 10, "object_id": "1", "object_repr": "Corporaci¾n Ibafex H.A.S.A.C", "action_flag": 2, "change_message": "[{\"changed\": {\"fields\": [\"Mision de Empresa\", \"Vision de Empresa\"]}}]"}}, {"model": "admin.logentry", "pk": 46, "fields": {"action_time": "2024-11-30T01:45:23.075Z", "user": 2, "content_type": 9, "object_id": "29", "object_repr": "Caja Leche Nutri", "action_flag": 2, "change_message": "[{\"changed\": {\"fields\": [\"Me gustas del Producto\"]}}]"}}, {"model": "admin.logentry", "pk": 47, "fields": {"action_time": "2024-11-30T01:45:27.297Z", "user": 2, "content_type": 9, "object_id": "29", "object_repr": "Caja Leche Nutri", "action_flag": 2, "change_message": "[]"}}, {"model": "admin.logentry", "pk": 48, "fields": {"action_time": "2024-12-02T05:04:16.964Z", "user": 2, "content_type": 9, "object_id": "24", "object_repr": "Colgate Triple Acci¾n", "action_flag": 2, "change_message": "[{\"changed\": {\"fields\": [\"Categor\\u00eda del Producto\"]}}]"}}, {"model": "admin.logentry", "pk": 49, "fields": {"action_time": "2024-12-02T05:04:31.033Z", "user": 2, "content_type": 9, "object_id": "23", "object_repr": "Pasta Dental Colgate", "action_flag": 2, "change_message": "[{\"changed\": {\"fields\": [\"Categor\\u00eda del Producto\"]}}]"}}, {"model": "admin.logentry", "pk": 50, "fields": {"action_time": "2024-12-02T05:04:44.862Z", "user": 2, "content_type": 9, "object_id": "22", "object_repr": "Pasta Dental Crest", "action_flag": 2, "change_message": "[{\"changed\": {\"fields\": [\"Categor\\u00eda del Producto\"]}}]"}}, {"model": "admin.logentry", "pk": 51, "fields": {"action_time": "2024-12-02T05:04:56.943Z", "user": 2, "content_type": 9, "object_id": "21", "object_repr": "Colgate MFP 22M - SCG", "action_flag": 2, "change_message": "[{\"changed\": {\"fields\": [\"Categor\\u00eda del Producto\"]}}]"}}, {"model": "admin.logentry", "pk": 52, "fields": {"action_time": "2024-12-02T05:05:06.970Z", "user": 2, "content_type": 9, "object_id": "20", "object_repr": "Pasta Dental Colgate", "action_flag": 2, "change_message": "[{\"changed\": {\"fields\": [\"Categor\\u00eda del Producto\"]}}]"}}, {"model": "admin.logentry", "pk": 53, "fields": {"action_time": "2024-12-02T05:16:24.915Z", "user": 2, "content_type": 9, "object_id": "22", "object_repr": "Pasta Dental Crest", "action_flag": 2, "change_message": "[{\"changed\": {\"fields\": [\"Producto Destacado\"]}}]"}}, {"model": "admin.logentry", "pk": 54, "fields": {"action_time": "2024-12-02T05:24:41.450Z", "user": 2, "content_type": 9, "object_id": "15", "object_repr": "Ferrero Rocher", "action_flag": 2, "change_message": "[{\"changed\": {\"fields\": [\"Producto Destacado\"]}}]"}}, {"model": "admin.logentry", "pk": 55, "fields": {"action_time": "2024-12-02T05:25:22.787Z", "user": 2, "content_type": 9, "object_id": "15", "object_repr": "Ferrero Rocher", "action_flag": 2, "change_message": "[{\"changed\": {\"fields\": [\"Producto Destacado\"]}}]"}}, {"model": "admin.logentry", "pk": 56, "fields": {"action_time": "2024-12-02T05:26:11.907Z", "user": 2, "content_type": 9, "object_id": "25", "object_repr": "Leche Alpura", "action_flag": 2, "change_message": "[{\"changed\": {\"fields\": [\"Producto Destacado\"]}}]"}}, {"model": "admin.logentry", "pk": 57, "fields": {"action_time": "2024-12-02T05:26:16.818Z", "user": 2, "content_type": 9, "object_id": "14", "object_repr": "Chocolate Hersheys", "action_flag": 2, "change_message": "[{\"changed\": {\"fields\": [\"Producto Destacado\"]}}]"}}, {"model": "admin.logentry", "pk": 58, "fields": {"action_time": "2024-12-02T06:33:51.871Z", "user": 2, "content_type": 9, "object_id": "26", "object_repr": "Caja Leche", "action_flag": 2, "change_message": "[{\"changed\": {\"fields\": [\"Me gustas del Producto\"]}}]"}}, {"model": "admin.logentry", "pk": 59, "fields": {"action_time": "2024-12-02T06:33:55.537Z", "user": 2, "content_type": 9, "object_id": "26", "object_repr": "Caja Leche", "action_flag": 2, "change_message": "[]"}}, {"model": "admin.logentry", "pk": 60, "fields": {"action_time": "2024-12-02T06:34:15.534Z", "user": 2, "content_type": 9, "object_id": "26", "object_repr": "Caja Leche", "action_flag": 2, "change_message": "[{\"changed\": {\"fields\": [\"Me gustas del Producto\"]}}]"}}, {"model": "admin.logentry", "pk": 61, "fields": {"action_time": "2024-12-02T06:41:28.580Z", "user": 2, "content_type": 9, "object_id": "26", "object_repr": "Caja Leche", "action_flag": 2, "change_message": "[{\"changed\": {\"fields\": [\"Me gustas del Producto\"]}}]"}}, {"model": "admin.logentry", "pk": 62, "fields": {"action_time": "2024-12-02T06:41:49.967Z", "user": 2, "content_type": 9, "object_id": "9", "object_repr": "Aceite Vegetal", "action_flag": 2, "change_message": "[{\"changed\": {\"fields\": [\"Me gustas del Producto\"]}}]"}}, {"model": "admin.logentry", "pk": 63, "fields": {"action_time": "2024-12-02T06:42:48.469Z", "user": 2, "content_type": 9, "object_id": "27", "object_repr": "Leche Santa Clara", "action_flag": 2, "change_message": "[{\"changed\": {\"fields\": [\"Me gustas del Producto\"]}}]"}}, {"model": "admin.logentry", "pk": 64, "fields": {"action_time": "2024-12-02T06:43:38.622Z", "user": 2, "content_type": 9, "object_id": "25", "object_repr": "Leche Alpura", "action_flag": 2, "change_message": "[{\"changed\": {\"fields\": [\"Me gustas del Producto\"]}}]"}}, {"model": "admin.logentry", "pk": 65, "fields": {"action_time": "2024-12-02T06:44:07.991Z", "user": 2, "content_type": 9, "object_id": "9", "object_repr": "Aceite Vegetal", "action_flag": 2, "change_message": "[{\"changed\": {\"fields\": [\"Me gustas del Producto\"]}}]"}}, {"model": "auth.permission", "pk": 1, "fields": {"name": "Can add log entry", "content_type": 1, "codename": "add_logentry"}}, {"model": "auth.permission", "pk": 2, "fields": {"name": "Can change log entry", "content_type": 1, "codename": "change_logentry"}}, {"model": "auth.permission", "pk": 3, "fields": {"name": "Can delete log entry", "content_type": 1, "codename": "delete_logentry"}}, {"model": "auth.permission", "pk": 4, "fields": {"name": "Can view log entry", "content_type": 1, "codename": "view_logentry"}}, {"model": "auth.permission", "pk": 5, "fields": {"name": "Can add permission", "content_type": 2, "codename": "add_permission"}}, {"model": "auth.permission", "pk": 6, "fields": {"name": "Can change permission", "content_type": 2, "codename": "change_permission"}}, {"model": "auth.permission", "pk": 7, "fields": {"name": "Can delete permission", "content_type": 2, "codename": "delete_permission"}}, {"model": "auth.permission", "pk": 8, "fields": {"name": "Can view permission", "content_type": 2, "codename": "view_permission"}}, {"model": "auth.permission", "pk": 9, "fields": {"name": "Can add group", "content_type": 3, "codename": "add_group"}}, {"model": "auth.permission", "pk": 10, "fields": {"name": "Can change group", "content_type": 3, "codename": "change_group"}}, {"model": "auth.permission", "pk": 11, "fields": {"name": "Can delete group", "content_type": 3, "codename": "delete_group"}}, {"model": "auth.permission", "pk": 12, "fields": {"name": "Can view group", "content_type": 3, "codename": "view_group"}}, {"model": "auth.permission", "pk": 13, "fields": {"name": "Can add user", "content_type": 4, "codename": "add_user"}}, {"model": "auth.permission", "pk": 14, "fields": {"name": "Can change user", "content_type": 4, "codename": "change_user"}}, {"model": "auth.permission", "pk": 15, "fields": {"name": "Can delete user", "content_type": 4, "codename": "delete_user"}}, {"model": "auth.permission", "pk": 16, "fields": {"name": "Can view user", "content_type": 4, "codename": "view_user"}}, {"model": "auth.permission", "pk": 17, "fields": {"name": "Can add content type", "content_type": 5, "codename": "add_contenttype"}}, {"model": "auth.permission", "pk": 18, "fields": {"name": "Can change content type", "content_type": 5, "codename": "change_contenttype"}}, {"model": "auth.permission", "pk": 19, "fields": {"name": "Can delete content type", "content_type": 5, "codename": "delete_contenttype"}}, {"model": "auth.permission", "pk": 20, "fields": {"name": "Can view content type", "content_type": 5, "codename": "view_contenttype"}}, {"model": "auth.permission", "pk": 21, "fields": {"name": "Can add session", "content_type": 6, "codename": "add_session"}}, {"model": "auth.permission", "pk": 22, "fields": {"name": "Can change session", "content_type": 6, "codename": "change_session"}}, {"model": "auth.permission", "pk": 23, "fields": {"name": "Can delete session", "content_type": 6, "codename": "delete_session"}}, {"model": "auth.permission", "pk": 24, "fields": {"name": "Can view session", "content_type": 6, "codename": "view_session"}}, {"model": "auth.permission", "pk": 25, "fields": {"name": "Can add cart item", "content_type": 7, "codename": "add_cartitem"}}, {"model": "auth.permission", "pk": 26, "fields": {"name": "Can change cart item", "content_type": 7, "codename": "change_cartitem"}}, {"model": "auth.permission", "pk": 27, "fields": {"name": "Can delete cart item", "content_type": 7, "codename": "delete_cartitem"}}, {"model": "auth.permission", "pk": 28, "fields": {"name": "Can view cart item", "content_type": 7, "codename": "view_cartitem"}}, {"model": "auth.permission", "pk": 29, "fields": {"name": "Can add cart", "content_type": 8, "codename": "add_cart"}}, {"model": "auth.permission", "pk": 30, "fields": {"name": "Can change cart", "content_type": 8, "codename": "change_cart"}}, {"model": "auth.permission", "pk": 31, "fields": {"name": "Can delete cart", "content_type": 8, "codename": "delete_cart"}}, {"model": "auth.permission", "pk": 32, "fields": {"name": "Can view cart", "content_type": 8, "codename": "view_cart"}}, {"model": "auth.permission", "pk": 33, "fields": {"name": "Can add product", "content_type": 9, "codename": "add_product"}}, {"model": "auth.permission", "pk": 34, "fields": {"name": "Can change product", "content_type": 9, "codename": "change_product"}}, {"model": "auth.permission", "pk": 35, "fields": {"name": "Can delete product", "content_type": 9, "codename": "delete_product"}}, {"model": "auth.permission", "pk": 36, "fields": {"name": "Can view product", "content_type": 9, "codename": "view_product"}}, {"model": "auth.permission", "pk": 37, "fields": {"name": "Can add company", "content_type": 10, "codename": "add_company"}}, {"model": "auth.permission", "pk": 38, "fields": {"name": "Can change company", "content_type": 10, "codename": "change_company"}}, {"model": "auth.permission", "pk": 39, "fields": {"name": "Can delete company", "content_type": 10, "codename": "delete_company"}}, {"model": "auth.permission", "pk": 40, "fields": {"name": "Can view company", "content_type": 10, "codename": "view_company"}}, {"model": "auth.permission", "pk": 41, "fields": {"name": "Can add login attempt", "content_type": 11, "codename": "add_loginattempt"}}, {"model": "auth.permission", "pk": 42, "fields": {"name": "Can change login attempt", "content_type": 11, "codename": "change_loginattempt"}}, {"model": "auth.permission", "pk": 43, "fields": {"name": "Can delete login attempt", "content_type": 11, "codename": "delete_loginattempt"}}, {"model": "auth.permission", "pk": 44, "fields": {"name": "Can view login attempt", "content_type": 11, "codename": "view_loginattempt"}}, {"model": "auth.user", "pk": 1, "fields": {"password": "pbkdf2_sha256$870000$hiNhuB3Ec0tzoAxrcZKKSY$ojaQcA8oopLd7nAaxXXUp7pRi3tziWVFBcNEE6t0RFg=", "last_login": "2024-12-02T07:07:11.658Z", "is_superuser": false, "username": "MarlonXpp", "first_name": "Max", "last_name": "stiles", "email": "mpillacap@autonoma.edu.pe", "is_staff": false, "is_active": true, "date_joined": "2024-11-28T22:16:12.919Z", "groups": [], "user_permissions": []}}, {"model": "auth.user", "pk": 2, "fields": {"password": "pbkdf2_sha256$870000$3CHksb6gJiuWrX1JqH0IbJ$PmFFuuoTYR6eCR2PGHBQ3e8e3NNysywL/gpsJQOw9tw=", "last_login": "2024-12-02T11:34:16.609Z", "is_superuser": true, "username": "admin", "first_name": "", "last_name": "", "email": "", "is_staff": true, "is_active": true, "date_joined": "2024-11-29T06:46:40.503Z", "groups": [], "user_permissions": []}}, {"model": "auth.user", "pk": 3, "fields": {"password": "pbkdf2_sha256$870000$lBGqt9wB2T2jk38IsocZHV$3jiAP6FR7JA6bw/xGHoWhP6DbFL1qK/4NqIHFYxt5o4=", "last_login": "2024-12-01T23:30:27.549Z", "is_superuser": false, "username": "Marinerito", "first_name": "Jose Marino", "last_name": "Ibarra Felix", "email": "gs772918@gmail.com", "is_staff": false, "is_active": true, "date_joined": "2024-12-01T23:29:31.724Z", "groups": [], "user_permissions": []}}, {"model": "contenttypes.contenttype", "pk": 1, "fields": {"app_label": "admin", "model": "logentry"}}, {"model": "contenttypes.contenttype", "pk": 2, "fields": {"app_label": "auth", "model": "permission"}}, {"model": "contenttypes.contenttype", "pk": 3, "fields": {"app_label": "auth", "model": "group"}}, {"model": "contenttypes.contenttype", "pk": 4, "fields": {"app_label": "auth", "model": "user"}}, {"model": "contenttypes.contenttype", "pk": 5, "fields": {"app_label": "contenttypes", "model": "contenttype"}}, {"model": "contenttypes.contenttype", "pk": 6, "fields": {"app_label": "sessions", "model": "session"}}, {"model": "contenttypes.contenttype", "pk": 7, "fields": {"app_label": "products", "model": "cartitem"}}, {"model": "contenttypes.contenttype", "pk": 8, "fields": {"app_label": "products", "model": "cart"}}, {"model": "contenttypes.contenttype", "pk": 9, "fields": {"app_label": "products", "model": "product"}}, {"model": "contenttypes.contenttype", "pk": 10, "fields": {"app_label": "main", "model": "company"}}, {"model": "contenttypes.contenttype", "pk": 11, "fields": {"app_label": "accounts", "model": "loginattempt"}}, {"model": "sessions.session", "pk": "3med0g75c8o4dyb9ujck66ct8j4r2iau", "fields": {"session_data": ".eJxVjDEOwjAMRe-SGUXEcUPMyN4zVHZsaAG1UtNOiLtDpQ6w_vfef7mO16Xv1mpzN6g7O3CH3024PGzcgN55vE2-TOMyD-I3xe-0-nZSe1529--g59p_a0yU7SQmlpRDKJiTaFGmSFkwNAHgGCgaNBlQlMiwFLArRUBQJPf-AOo6N7E:1tHz1E:TwoGXlZIkDHzzaNZyYaFKZjC4XyUg3fR2n_njydW7YU", "expire_date": "2024-12-16T05:30:48.695Z"}}, {"model": "sessions.session", "pk": "6l1ch4ctdwdlepf0e95abtrieu1ni1b2", "fields": {"session_data": ".eJxVjDEOwjAMRe-SGUXEcUPMyN4zVHZsaAG1UtNOiLtDpQ6w_vfef7mO16Xv1mpzN6g7O3CH3024PGzcgN55vE2-TOMyD-I3xe-0-nZSe1529--g59p_a0yU7SQmlpRDKJiTaFGmSFkwNAHgGCgaNBlQlMiwFLArRUBQJPf-AOo6N7E:1tGv7s:5K9cZhzZZuFw3lElgo8v9DQqyVZLsGtlcDbGB4o7vWM", "expire_date": "2024-12-13T07:09:16.898Z"}}, {"model": "sessions.session", "pk": "6lpmbx9od5zo492u92wxveg205454qq5", "fields": {"session_data": ".eJxVjDsOwjAQRO_iGln-bT6U9DmDtWt7cQDZUpxUiLuTSCmgmGbem3kLj9ua_dbS4ucorsKIy29HGJ6pHCA-sNyrDLWsy0zyUORJm5xqTK_b6f4dZGx5Xzs1mhgZHERQyTrNVu_B0CN12AMZZBwsk2HSCIotd1Y7mwKMSdMgPl_rSThK:1tI4gy:UzwzAkS2GE-3REzt9i5P5I8w0p6L-juhE29s9XdO5QQ", "expire_date": "2024-12-16T11:34:16.618Z"}}, {"model": "sessions.session", "pk": "90ur47yae0rte8y7d8t6c4dzbekc8dxb", "fields": {"session_data": ".eJxVjDEOwjAMRe-SGUXEcUPMyN4zVHZsaAG1UtNOiLtDpQ6w_vfef7mO16Xv1mpzN6g7O3CH3024PGzcgN55vE2-TOMyD-I3xe-0-nZSe1529--g59p_a0yU7SQmlpRDKJiTaFGmSFkwNAHgGCgaNBlQlMiwFLArRUBQJPf-AOo6N7E:1tHYAT:aL9y5tXYuVehngNY7mqxF6Syr1mJ4s3jnwcoStfXvxo", "expire_date": "2024-12-15T00:50:33.545Z"}}, {"model": "sessions.session", "pk": "dfgq20h0wh81kz9iosmmjdxu2r37d4zx", "fields": {"session_data": ".eJxVjDEOwjAMRe-SGUXEcUPMyN4zVHZsaAG1UtNOiLtDpQ6w_vfef7mO16Xv1mpzN6g7O3CH3024PGzcgN55vE2-TOMyD-I3xe-0-nZSe1529--g59p_a0yU7SQmlpRDKJiTaFGmSFkwNAHgGCgaNBlQlMiwFLArRUBQJPf-AOo6N7E:1tHzpv:KZHYgW9eSOb9rtgrqHIeQlNsramXxrTucskSH0cg6ts", "expire_date": "2024-12-16T06:23:11.322Z"}}, {"model": "sessions.session", "pk": "gwjjtg16m4kl56ncu83r88kz7wlbo9hv", "fields": {"session_data": ".eJxVjs0OgjAQhN-lZ9PYZYGuJ-PdZyDd7gooPwmFk_HdLQkHvc4382Xepgnb2jVb0qXpxVwMmNNvxiG-dNqBPMPUzjbO07r0bPeKPWiy91l0uB3dP0EXUpfXWJHXmpW1kuBcRF-xRAlUkGd0pQM4OyoUSg_IQqQYI-iDCkAQpCzVMfRDVrWproGcv7Z7kA-N5vMFs9hAeg:1tHYAr:5fIXn0061Wl79ZCC6Y4vo48z1NY-AIa3QalXbiwqfSk", "expire_date": "2024-12-15T00:50:57.255Z"}}, {"model": "sessions.session", "pk": "i145sw46iltmtiu32955g4ivo5bf042g", "fields": {"session_data": ".eJxVjDEOwjAMRe-SGUXEcUPMyN4zVHZsaAG1UtNOiLtDpQ6w_vfef7mO16Xv1mpzN6g7O3CH3024PGzcgN55vE2-TOMyD-I3xe-0-nZSe1529--g59p_a0yU7SQmlpRDKJiTaFGmSFkwNAHgGCgaNBlQlMiwFLArRUBQJPf-AOo6N7E:1tHCVu:Lce3lRjLoVZilJLh893AF826La03oJ5rPvcC46ip0kM", "expire_date": "2024-12-14T01:43:14.649Z"}}, {"model": "sessions.session", "pk": "kf18odti0nwla12k5axeczsb8rtjrhfq", "fields": {"session_data": ".eJxVjDEOwjAMRe-SGUXEcUPMyN4zVHZsaAG1UtNOiLtDpQ6w_vfef7mO16Xv1mpzN6g7O3CH3024PGzcgN55vE2-TOMyD-I3xe-0-nZSe1529--g59p_a0yU7SQmlpRDKJiTaFGmSFkwNAHgGCgaNBlQlMiwFLArRUBQJPf-AOo6N7E:1tGv7t:i77dWsi8bu1mu9MWVtX0pDsV4oWJqeWzVDDRmF9QLdg", "expire_date": "2024-12-13T07:09:17.148Z"}}, {"model": "sessions.session", "pk": "uq9x1dkc4tbpfxkmwym98dc2vcrh4x39", "fields": {"session_data": ".eJxVjDEOwjAMRe-SGUXEcUPMyN4zVHZsaAG1UtNOiLtDpQ6w_vfef7mO16Xv1mpzN6g7O3CH3024PGzcgN55vE2-TOMyD-I3xe-0-nZSe1529--g59p_a0yU7SQmlpRDKJiTaFGmSFkwNAHgGCgaNBlQlMiwFLArRUBQJPf-AOo6N7E:1tGwuf:B1d3JCjJ_iWo2ZQDuDx5y6sK757iYdel9q-Dh2E4loc", "expire_date": "2024-12-13T09:03:45.475Z"}}, {"model": "sessions.session", "pk": "wehfnw9074iobp4uj9e2tcae8o7p1t43", "fields": {"session_data": ".eJxVjEEOwiAQRe_C2hCgAxSX7j0DGZhBqoYmpV0Z765NutDtf-_9l4i4rTVunZc4kTgLLU6_W8L84LYDumO7zTLPbV2mJHdFHrTL60z8vBzu30HFXr-1GVFhAiBIaNhZ50GHAoxWF3JBsx3UYJTi4Ak4pDGzKeSLdoxF5SLeH-FlOF8:1tI06d:kF9gYpRwTP1F2Rv39H8QZWn9bmfTOiUEdSYMMuDXhQk", "expire_date": "2024-12-16T06:40:27.481Z"}}, {"model": "products.product", "pk": 6, "fields": {"name": "Aceite de Cßrtamo", "description": "Aceite de Cßrtamo OlÚico de  ml - Oleico ZK, Libre de colesterol por su origen vegetal, Alto contenido de Omega 9, Resiste altas temperaturas, Ideal para freÝr, hornear, cocinar y aderezar cualquier tipo de alimentos - cantidad 710 Mililitros", "price": "9.50", "brand": "OlÚico", "stock": 40, "image": "products/Aceite_de_Cßrtamo_OlÚico_710M_-_ZK.jpg", "category": "Aceites", "featured": false, "date_added": "2024-11-29T23:01:21.872Z", "likes": 1, "sales": 0, "weight": "710.00", "unit_weight": "mg", "discount": null, "liked_by": [2]}}, {"model": "products.product", "pk": 7, "fields": {"name": "Aceite de Oliva", "description": "Aceite de Oliva Member's Mark Extra Virgen Orgßnico 1L - Member┤s Mark ZK, No contiene colesterol, Delicioso sabor, Posee vitaminas A, D, E y K - 1L", "price": "32.50", "brand": "Member┤s Mark", "stock": 56, "image": "products/Aceite_de_Oliva_Members_Mark_Extra_Virgen_Orgßnico_1_L-_ZK.jpg", "category": "Aceites", "featured": true, "date_added": "2024-11-29T23:03:07.799Z", "likes": 2, "sales": 0, "weight": "1.00", "unit_weight": "kg", "discount": 15, "liked_by": [1, 2]}}, {"model": "products.product", "pk": 8, "fields": {"name": "Aceite Nutrioli", "description": "Aceite de marca Nutrioli de 850 ml es el aceite 100% puro de soya, reconocido por sus beneficios a la salud y por su alta calidad; desde la selecci¾n de las mejores semillas de soya, hasta su proceso de elaboraci¾n ·nico en el mundo, Nutrioli es Puro de Soya, Pura Salud. - 850ml", "price": "8.50", "brand": "Ragasa", "stock": 45, "image": "products/Aceite_Nutrioli_850m.jpg", "category": "Aceites", "featured": true, "date_added": "2024-11-29T23:05:03.600Z", "likes": 2, "sales": 0, "weight": "2.00", "unit_weight": "kg", "discount": null, "liked_by": [1, 2]}}, {"model": "products.product", "pk": 9, "fields": {"name": "Aceite Vegetal", "description": "Aceite Vegetal 1.2.3 de 1 litro - La Corona ZK, No contiene colesterol\r\nDelicioso sabor, Posee vitaminas A, D, E y K", "price": "9.00", "brand": "La Corona", "stock": 15, "image": "products/Aceite_Vegetal_1.2.3_1L_-_ZK.jpg", "category": "Aceites", "featured": false, "date_added": "2024-11-29T23:06:22.042Z", "likes": 10, "sales": 0, "weight": "1.00", "unit_weight": "kg", "discount": null, "liked_by": [1, 2, 3]}}, {"model": "products.product", "pk": 10, "fields": {"name": "Aceite Kartamus", "description": "Caja aceite Kartamus de 900 ml  - Industrial Aceitera, proviniendo de aceites vegetales y una calidad excepcional, Aceite Kartamus trae para ti una deliciosa y saludable opci¾n para cuidar la salud de tu familia.", "price": "10.50", "brand": "Industrial Aceiter", "stock": 45, "image": "products/Caja_aceite_Kartamus_900M_-_SCG.jpg", "category": "Aceites", "featured": false, "date_added": "2024-11-29T23:07:36.456Z", "likes": 1, "sales": 0, "weight": "10.00", "unit_weight": "g", "discount": null, "liked_by": [2]}}, {"model": "products.product", "pk": 11, "fields": {"name": "chocolate Kirkland", "description": "Almendras cubiertas de chocolate Kirkland de 1.36 kilos - Kirkland KOZ", "price": "25.90", "brand": "Kirkland", "stock": 34, "image": "products/Almendras_cubiertas_de_chocolate_Kirkland_1.36K_-_KOZ.jpg", "category": "Chocolates", "featured": false, "date_added": "2024-11-29T23:09:23.036Z", "likes": 1, "sales": 0, "weight": "1.36", "unit_weight": "kg", "discount": null, "liked_by": [2]}}, {"model": "products.product", "pk": 12, "fields": {"name": "Chocolate Barra Hersheys", "description": "Caja de chocolate Hersheys en Barra Leche Leche 20 G - SCG de la marca Hersheys, sabor super delicioso que dan ganas que sea ilimitado", "price": "8.50", "brand": "Hersheys", "stock": 34, "image": "products/Caja_Chocolate_Barra_Hersheys_Leche_20_G_-_SCG.jpg", "category": "Chocolates", "featured": false, "date_added": "2024-11-29T23:10:50.168Z", "likes": 1, "sales": 0, "weight": "20.00", "unit_weight": "g", "discount": null, "liked_by": [2]}}, {"model": "products.product", "pk": 13, "fields": {"name": "Chocolate Bon o Bon", "description": "Caja Chocolate Bon o Bon de leche de 18 piezas, dulce de leche con cacahuetes.- 18P- SCG", "price": "11.90", "brand": "Bon o Bon", "stock": 134, "image": "products/Caja_Chocolate_Bon_o_Bon_de_leche_18P-_SCG.jpg", "category": "Chocolates", "featured": false, "date_added": "2024-11-29T23:12:09.538Z", "likes": 0, "sales": 0, "weight": "270.00", "unit_weight": "g", "discount": null, "liked_by": []}}, {"model": "products.product", "pk": 14, "fields": {"name": "Chocolate Hersheys", "description": "Caja Chocolate Hersheys Kisses Relleno Caramelo Holandes de 120gr - Hersheys rellenos de caramelo tipo Holandes de la marca Hersheys.", "price": "15.60", "brand": "Hersheys", "stock": 43, "image": "products/Caja_Chocolate_Hersheys_Kisses_Relleno_Caramelo_Holandes_120G_-_SCG.jpg", "category": "Chocolates", "featured": true, "date_added": "2024-11-29T23:13:27.782Z", "likes": 2, "sales": 0, "weight": "120.00", "unit_weight": "g", "discount": 10, "liked_by": [1, 2]}}, {"model": "products.product", "pk": 15, "fields": {"name": "Ferrero Rocher", "description": "Caja Chocolates Ferrero Rocher de 102gr en 20 exhibidores de 8 piezas - Ferrero 102G/ 8P - SCG", "price": "23.50", "brand": "Ferrero Rocher", "stock": 49, "image": "products/Caja_Chocolates_Ferrero_Rocher_102G-_8P.jpg", "category": "Chocolates", "featured": true, "date_added": "2024-11-29T23:14:56.972Z", "likes": 1, "sales": 0, "weight": "102.00", "unit_weight": "g", "discount": null, "liked_by": [2]}}, {"model": "products.product", "pk": 16, "fields": {"name": "Frijol Peruano", "description": "Frijol Peruano La Colina de 1 kg - La Colina ZK, acompa±amiento clßsico de tus comidas, rica fuente de proteÝnas y bßsico de tu despensa.", "price": "5.50", "brand": "La Colina", "stock": 94, "image": "products/Frijol_Peruano_La_Colina_1K_-_ZK.jpg", "category": "Frijoles", "featured": false, "date_added": "2024-11-29T23:16:11.487Z", "likes": 1, "sales": 0, "weight": "1.00", "unit_weight": "kg", "discount": null, "liked_by": [2]}}, {"model": "products.product", "pk": 17, "fields": {"name": "Frijol San Lßzaro", "description": "Frijol peruano con  de 900 g - San Lazaro KOZ, rico en nutrientes y en sabor.", "price": "4.30", "brand": "San Lazaro", "stock": 23, "image": "products/Frijol_peruano_San_Lßzaro_900_g_-_KOZ.jpg", "category": "Frijoles", "featured": true, "date_added": "2024-11-29T23:17:07.203Z", "likes": 1, "sales": 0, "weight": "900.00", "unit_weight": "g", "discount": null, "liked_by": [2]}}, {"model": "products.product", "pk": 18, "fields": {"name": "Frijol Schettino", "description": "Frijol Schettino Negro de 1 kg - Schettino ZK, acompa±amiento clßsico de tus comidas Rica fuente de proteÝnas, Bßsico de tu despensa, Un producto perfecto para complementar tus comidas", "price": "5.10", "brand": "Schettino", "stock": 56, "image": "products/Frijol_Schettino_Negro_de_1K_-_ZK.jpg", "category": "Frijoles", "featured": false, "date_added": "2024-11-29T23:18:13.536Z", "likes": 0, "sales": 0, "weight": "1.00", "unit_weight": "kg", "discount": null, "liked_by": []}}, {"model": "products.product", "pk": 19, "fields": {"name": "Frijol Verde", "description": "Frijol Verde Valle Peruano de 2.5 kg - Verde Valle, acompa±amiento clßsico de tus comidas, rica fuente de proteÝnas, bßsico de tu despensa.", "price": "12.90", "brand": "Verde Valle", "stock": 65, "image": "products/Frijol_Verde_Valle_Peruano_2.5K_-_ZK.jpg", "category": "Frijoles", "featured": false, "date_added": "2024-11-29T23:19:09.620Z", "likes": 0, "sales": 0, "weight": "2.50", "unit_weight": "kg", "discount": null, "liked_by": []}}, {"model": "products.product", "pk": 20, "fields": {"name": "Pasta Dental Colgate", "description": "Caja Pasta Dental Colgate Luminous White de 75 ml, contiene per¾xido de hidr¾geno, el mismo ingrediente activo que es utilizado para tratamientos de blanqueamiento.", "price": "14.20", "brand": "Colgate", "stock": 78, "image": "products/Caja_de_Pasta_Dental_Crest_Complete_4_en_1_100M.jpg", "category": "Higiene_Dental", "featured": true, "date_added": "2024-11-29T23:23:09.256Z", "likes": 13, "sales": 4, "weight": "1.00", "unit_weight": "g", "discount": 15, "liked_by": []}}, {"model": "products.product", "pk": 21, "fields": {"name": "Colgate MFP 22M - SCG", "description": "Colgate Palmolive, pasta dental que contiene la mejor f¾rmula para combatir la caries, ademßs de fortalecerlos ya que esta adicionada con calcio, brinda una gran sabor y frescura.", "price": "13.50", "brand": "Colgate", "stock": 91, "image": "products/Caja_Pasta_Dental_Colgate_MFP_22M_-_SCG.jpg", "category": "Higiene_Dental", "featured": true, "date_added": "2024-11-29T23:24:30.028Z", "likes": 8, "sales": 8, "weight": "12.00", "unit_weight": "mg", "discount": 5, "liked_by": [1]}}, {"model": "products.product", "pk": 22, "fields": {"name": "Pasta Dental Crest", "description": "Caja de Pasta Dental Crest Complete 4 en 1 con 36 piezas de 100 ml, si buscas tener una limpieza bucal adecuada todos los dÝas para combatir la caries y el mal aliento Crest Complete tiene para ti la pasta dental 4 en 1 con fluor menta suave de 100 ml, disfruta de una protecci¾n anticaries, blancura, limpieza profunda y una frescura que te acompa±e por mßs tiempo. Haz el complemento perfecto entre la pasta dental y tu cepillo de dientes y disfruta de unos dientes mßs saludables.", "price": "22.90", "brand": "Crest", "stock": 56, "image": "products/Caja_Pasta_Dental_Colgate_Total_150M_SCG.jpg", "category": "Higiene_Dental", "featured": false, "date_added": "2024-11-29T23:26:19.196Z", "likes": 16, "sales": 3, "weight": "1.00", "unit_weight": "g", "discount": null, "liked_by": [1]}}, {"model": "products.product", "pk": 23, "fields": {"name": "Pasta Dental Colgate", "description": "Caja Pasta Dental Colgate Total de 150 ml con 72 piezas - Colgate Palmolive, te brinda 12 horas de protecci¾n para una boca mßs sana, contiene fl·or para una mejor limpieza.", "price": "18.00", "brand": "Colgate", "stock": 62, "image": "products/Caja_Pasta_Dental_Colgate_Triple_Acci¾n_75M_-_SCG.jpg", "category": "Higiene_Dental", "featured": false, "date_added": "2024-11-29T23:27:15.082Z", "likes": 1, "sales": 0, "weight": "10.00", "unit_weight": "g", "discount": 5, "liked_by": [1]}}, {"model": "products.product", "pk": 24, "fields": {"name": "Colgate Triple Acci¾n", "description": "Caja Pasta Dental Colgate Triple Acci¾n 75 ml 72 piezas Colgate Palmolive, esta pasta dental protege contra la caries, blanquea los dientes y brinda un aliento fresco.", "price": "16.70", "brand": "Colgate", "stock": 23, "image": "products/Colgate_Luminous_White_75ml.jpg", "category": "Higiene_Dental", "featured": true, "date_added": "2024-11-29T23:28:27.718Z", "likes": 18, "sales": 8, "weight": "14.00", "unit_weight": "lb", "discount": 10, "liked_by": [3]}}, {"model": "products.product", "pk": 25, "fields": {"name": "Leche Alpura", "description": "Caja Leche Alpura 2000 Light de 1Lt - Alpura es una buena vitamina para los ni±os", "price": "5.30", "brand": "Alpura", "stock": 43, "image": "products/Caja_Leche_Alpura_2000_Light_1L12P_-_SCG.jpg", "category": "Leche", "featured": false, "date_added": "2024-11-29T23:32:39.686Z", "likes": 200, "sales": 9, "weight": "1.00", "unit_weight": "kg", "discount": 10, "liked_by": [2]}}, {"model": "products.product", "pk": 26, "fields": {"name": "Caja Leche", "description": "Caja Leche Alpura Deslactosada de 1Lt - Alpura", "price": "5.50", "brand": "Alpura", "stock": 64, "image": "products/Caja_Leche_Alpura_Deslactosada_1L_-_SCG.jpg", "category": "Leche", "featured": true, "date_added": "2024-11-29T23:33:51.535Z", "likes": 100, "sales": 0, "weight": "1.00", "unit_weight": "kg", "discount": null, "liked_by": [1, 2, 3]}}, {"model": "products.product", "pk": 27, "fields": {"name": "Leche Santa Clara", "description": "Media Caja Leche Santa Clara Deslactosada de 1 Lt- Coca-Cola, leche 100% pura de vaca, estß adicionada con vitaminas A y D, especialmente es  para quienes sufren de intolerancia a productos lßcteos.", "price": "5.50", "brand": "Santa Clara", "stock": 42, "image": "products/Caja_Leche_Santa_Clara_Deslactosada_1L_-_SCG.jpg", "category": "Leche", "featured": true, "date_added": "2024-11-29T23:35:00.463Z", "likes": 190, "sales": 0, "weight": "1.00", "unit_weight": "g", "discount": 5, "liked_by": []}}, {"model": "products.product", "pk": 28, "fields": {"name": "Leche Lala Deslactosada", "description": "Caja Leche Lala Deslactosada 1 litro  Lala, es ideal para personas que son intolerantes a la lactosa, para ellos tenemos esta alternativa para que no tengan que hacer a un lado de su alimentaci¾n los nutrimentos que puede aportar la leche.", "price": "7.50", "brand": "Lala", "stock": 72, "image": "products/Leche_Lala_Deslactosada_-_SCG.jpg", "category": "Leche", "featured": true, "date_added": "2024-11-29T23:35:49.529Z", "likes": 5, "sales": 16, "weight": "1.00", "unit_weight": "kg", "discount": null, "liked_by": [1]}}, {"model": "products.product", "pk": 29, "fields": {"name": "Caja Leche Nutri", "description": "Caja Leche Nutrileche de 1 Lt f¾rmula lßctea con grasa vegetal ultrapasteurizada, estß adicionada con vitaminas (A, D, B1, B2, B5 y hierro).", "price": "6.20", "brand": "Lala", "stock": 51, "image": "products/Leche_Lala_Deslactosada_-_SCG_Xph1I1R.jpg", "category": "Leche", "featured": true, "date_added": "2024-11-29T23:36:41.070Z", "likes": 1, "sales": 0, "weight": "1.00", "unit_weight": "kg", "discount": null, "liked_by": [2]}}, {"model": "products.cartitem", "pk": 58, "fields": {"user": 1, "product": 24, "quantity": 2}}, {"model": "products.cartitem", "pk": 59, "fields": {"user": 2, "product": 17, "quantity": 2}}, {"model": "products.cartitem", "pk": 60, "fields": {"user": 3, "product": 9, "quantity": 2}}, {"model": "products.cartitem", "pk": 61, "fields": {"user": 3, "product": 10, "quantity": 1}}, {"model": "products.cartitem", "pk": 62, "fields": {"user": 3, "product": 21, "quantity": 1}}, {"model": "products.cartitem", "pk": 63, "fields": {"user": 2, "product": 12, "quantity": 1}}, {"model": "products.cartitem", "pk": 66, "fields": {"user": 2, "product": 10, "quantity": 1}}, {"model": "products.cartitem", "pk": 69, "fields": {"user": 1, "product": 12, "quantity": 2}}, {"model": "products.cartitem", "pk": 71, "fields": {"user": 1, "product": 10, "quantity": 1}}, {"model": "products.cartitem", "pk": 72, "fields": {"user": 1, "product": 14, "quantity": 3}}, {"model": "products.cartitem", "pk": 73, "fields": {"user": 1, "product": 9, "quantity": 1}}, {"model": "products.cart", "pk": 1, "fields": {"user": 2, "items": [59, 63, 66]}}, {"model": "products.cart", "pk": 2, "fields": {"user": 1, "items": [58, 69, 71, 72, 73]}}, {"model": "products.cart", "pk": 3, "fields": {"user": 3, "items": [60, 61, 62]}}, {"model": "main.company", "pk": 1, "fields": {"name": "Corporaci¾n Ibafex H.A.S.A.C", "mission": "Somos la empresa IBAFEX, que ofrece productos nacionales e importados y con marca propia ôMiresurö en el rubro alimenticio con el fin de expandirse a nivel nacional e internacional, ofreciendo productos de calidad,  atendiendo a las necesidades del medio ambiente y de la sociedad.", "vision": "Al a±o 2028 queremos ser la primera opci¾n de nuestros clientes, siendo reconocidos y lÝderes por nuestra calidad en el rubro alimentario, con colaboradores completamente dedicados a su trabajo y capaces de desarrollar sus habilidades de forma eficaz y eficiente, buscando el bien com·n en la sociedad y promoviendo la alimentaci¾n de tal manera que se logre una alta rentabilidad para la empresa.", "general_manager": "Mireille Casta±eda Felix", "location": "12░13'42.8\"S 76░56'26.7\"W", "fundation_date": "2020-09-23", "ruc": "20606638923", "phone": "957285131", "email": "mpillacap@autonoma.edu.pe", "password": "123"}}]
